{
   "seqColecaoId":3,
   "seqFlashcardId":29,
   "colecoes":[
      {
         "colecaoId":1,
         "descricao":"Física",
         "publico":true
      },
      {
         "colecaoId":2,
         "descricao":"Química",
         "publico":true
      }
   ],
   "flashcards":[
      {
         "colecaoId":1,
         "flashcardId":1,
         "frente":"amperímetro",
         "verso":"Instrumento para medida da corrente elétrica.",
         "score":626
      },
      {
         "colecaoId":1,
         "flashcardId":2,
         "frente":"angstrom",
         "verso":"É a medida comumente utilizada para lidar com grandezas da ordem do átomo ou dos espaçamentos entre dois planos cristalinos. 1 Å = 10-10 m",
         "score":715
      },
      {
         "colecaoId":1,
         "flashcardId":3,
         "frente":"ânion",
         "verso":"Íon com carga negativa.",
         "score":34
      },
      {
         "colecaoId":1,
         "flashcardId":4,
         "frente":"atmosfera",
         "verso":"Esfera gasosa que envolve a Terra, constituída essencialmente de oxigênio e nitrogênio.Unidade de pressão dos gases igual à pressão exercida por uma coluna vertical de mercúrio, de 76 cm de altura e 1 cm2 de base, à temperatura de 0° C, ao nível do mar. 1 atm. = 1,033 kg/cm2.",
         "score":92
      },
      {
         "colecaoId":1,
         "flashcardId":5,
         "frente":"bolômetro",
         "verso":"instrumento usado para medir pequenas quantidades de energia difundida no raio do espectro compreendido entre as ondas luminosas e as microondas. Utiliza-se para detectar a energia irradiada por fontes distantes, sob a forma de calor.",
         "score":112
      },
      {
         "colecaoId":1,
         "flashcardId":6,
         "frente":"bóson",
         "verso":"em física, partícula elementar cujo spin é igual a zero ou a um número inteiro de unidades.",
         "score":46
      },
      {
         "colecaoId":1,
         "flashcardId":7,
         "frente":"buraco negro",
         "verso":"são objetos celestes com massa muito grande - alguns deles com centenas de vezes a massa do Sol - que ocupam um espaço muito pequeno. Seu campo gravitacional é tão intenso que nem mesmo a velocidade da luz é maior do que a sua velocidade de escape.",
         "score":370
      },
      {
         "colecaoId":1,
         "flashcardId":8,
         "frente":"cátion",
         "verso":"Íon de carga positiva.",
         "score":120
      },
      {
         "colecaoId":1,
         "flashcardId":9,
         "frente":"centrífuga",
         "verso":"Que tem sentido oposto ao do centro. Para fora.",
         "score":726
      },
      {
         "colecaoId":1,
         "flashcardId":10,
         "frente":"centrípeta",
         "verso":"Que tem sentido em direção ao centro. Para dentro.",
         "score":876
      },
      {
         "colecaoId":1,
         "flashcardId":11,
         "frente":"ciclo",
         "verso":"Intervalo de tempo durante o qual se completa uma sequência de uma sucessão regularmente recorrente de eventos ou fenômenos. Realização completa de uma vibração, oscilação elétrica, alternação de corrente ou outro processo periódico. Série de operações, no término das quais uma substância atuante é retornada a seu estado inicial, comumente com conversão acompanhante de calor em trabalho mecânico ou vice-versa. Período ou revolução, sempre igual, de certa duração, decorrida a qual devem repetir-se, pela mesma ordem, os fenômenos astronômicos.",
         "score":497
      },
      {
         "colecaoId":1,
         "flashcardId":12,
         "frente":"cinética(o)",
         "verso":"Relativo ou pertencente ao movimento.",
         "score":420
      },
      {
         "colecaoId":1,
         "flashcardId":13,
         "frente":"círculo",
         "verso":"Superfície plana, limitada por uma circunferência.",
         "score":903
      },
      {
         "colecaoId":1,
         "flashcardId":14,
         "frente":"circunferência",
         "verso":"Linha curva, plana, fechada, cujos pontos equidistam de um ponto interior chamado centro da circunferência.",
         "score":815
      },
      {
         "colecaoId":1,
         "flashcardId":15,
         "frente":"empuxo",
         "verso":"Força vertical, dirigida para cima, que atua sobre um corpo imerso, passando pelo centro de gravidade deste, e igual ao peso do volume do líquido deslocado.",
         "score":887
      },
      {
         "colecaoId":1,
         "flashcardId":16,
         "frente":"energia",
         "verso":"Capacidade dos corpos para produzir um trabalho ou desenvolver uma força.",
         "score":816
      },
      {
         "colecaoId":2,
         "flashcardId":17,
         "frente":"ELEMENTO QUÍMICO",
         "verso":"Conjunto de átomos que contêm o mesmo número de prótons no núcleo, o que lhes confere as mesmas propriedades químicas e físicas.",
         "score":415
      },
      {
         "colecaoId":2,
         "flashcardId":18,
         "frente":"ELEMENTOS REPRESENTATIVOS",
         "verso":"São aqueles que têm o último elétron num subnível s ou p. ",
         "score":927
      },
      {
         "colecaoId":2,
         "flashcardId":19,
         "frente":"Alcano Hidrocarboneto",
         "verso":"cujas moléculas têm apenas ligações simples. Fórmula geral CnH2n+2.",
         "score":983
      },
      {
         "colecaoId":2,
         "flashcardId":20,
         "frente":"Alceno",
         "verso":"Hidrocarboneto cujas moléculas têm uma ou mais ligações duplas. Fórmula geral CnH2n.",
         "score":994
      },
      {
         "colecaoId":2,
         "flashcardId":21,
         "frente":"Alcino",
         "verso":"Hidrocarboneto cujas moléculas têm uma ou mais ligações triplas. Fórmula geral CnH2n-2.",
         "score":775
      },
      {
         "colecaoId":2,
         "flashcardId":22,
         "frente":"Álcool",
         "verso":"Composto orgânico cujas moléculas contêm o grupo -OH ligado a um átomo de carbono.",
         "score":991
      },
      {
         "colecaoId":2,
         "flashcardId":23,
         "frente":"Aldeído",
         "verso":"Composto orgânico cujas moléculas contêm o grupo -CH=O.",
         "score":264
      },
      {
         "colecaoId":2,
         "flashcardId":24,
         "frente":"Amido",
         "verso":"Polímero da glicose.",
         "score":963
      },
      {
         "colecaoId":2,
         "flashcardId":25,
         "frente":"Amina",
         "verso":"Composto orgânico cujas moléculas contêm o grupo -NH2,-NHR ou -NR2.",
         "score":36
      },
      {
         "colecaoId":2,
         "flashcardId":26,
         "frente":"Aminoácido",
         "verso":"Composto orgânico com um grupo ácido e um grupo amina.",
         "score":319
      },
      {
         "colecaoId":2,
         "flashcardId":27,
         "frente":"Análise Qualitativa",
         "verso":"Análise de uma amostra para determinar a identidade dos elementos, íons ou compostos que estão presentes.",
         "score":864
      },
      {
         "colecaoId":2,
         "flashcardId":28,
         "frente":"Análise Quantitativa",
         "verso":"Análise de uma amostra para determinar as proporções em que se encontram presentes os diversos componentes (doseamento).",
         "score":649
      }
   ]
}